{"errors":[],"warnings":[],"namedChunkGroups":{"app":{"chunks":[15,5],"assets":["webpack-runtime-90392699b76e165fc0b7.js","webpack-runtime-90392699b76e165fc0b7.js.map","app-7f5c11b945e2ab283480.js","app-7f5c11b945e2ab283480.js.map"],"children":{},"childAssets":{}},"component---node-modules-gatsby-plugin-offline-app-shell-js":{"chunks":[6],"assets":["component---node-modules-gatsby-plugin-offline-app-shell-js-fd5550fa04a28745847d.js","component---node-modules-gatsby-plugin-offline-app-shell-js-fd5550fa04a28745847d.js.map"],"children":{},"childAssets":{}},"component---src-pages-about-js":{"chunks":[0,1,2,7],"assets":["styles.50735fea25cbce2a3eb4.css","styles-68ec54181b30a051b8df.js","styles-68ec54181b30a051b8df.js.map","1-7592809ab99a1a2fe936.js","1-7592809ab99a1a2fe936.js.map","2.9623542c4cad44916a5d.css","2-dcc6e39460172a0094ba.js","2-dcc6e39460172a0094ba.js.map","component---src-pages-about-js.fd1db8f052163e142bfb.css","component---src-pages-about-js-7db4b6626a84f48faeb8.js","component---src-pages-about-js-7db4b6626a84f48faeb8.js.map"],"children":{},"childAssets":{}},"component---src-pages-index-js":{"chunks":[0,1,3,16,8],"assets":["styles.50735fea25cbce2a3eb4.css","styles-68ec54181b30a051b8df.js","styles-68ec54181b30a051b8df.js.map","1-7592809ab99a1a2fe936.js","1-7592809ab99a1a2fe936.js.map","3-796f28198d33043f1b6e.js","3-796f28198d33043f1b6e.js.map","16-a0511cb6e990495ea5b5.js","16-a0511cb6e990495ea5b5.js.map","component---src-pages-index-js.687fea626a651dfbb51f.css","component---src-pages-index-js-0f8310705c72618eebd0.js","component---src-pages-index-js-0f8310705c72618eebd0.js.map"],"children":{},"childAssets":{}},"component---src-pages-investment-js":{"chunks":[0,1,2,9],"assets":["styles.50735fea25cbce2a3eb4.css","styles-68ec54181b30a051b8df.js","styles-68ec54181b30a051b8df.js.map","1-7592809ab99a1a2fe936.js","1-7592809ab99a1a2fe936.js.map","2.9623542c4cad44916a5d.css","2-dcc6e39460172a0094ba.js","2-dcc6e39460172a0094ba.js.map","component---src-pages-investment-js.dbb79a91ba67f3b1a9d2.css","component---src-pages-investment-js-036f69aba5d757147c25.js","component---src-pages-investment-js-036f69aba5d757147c25.js.map"],"children":{},"childAssets":{}},"component---src-pages-photo-js":{"chunks":[0,1,3,2,10],"assets":["styles.50735fea25cbce2a3eb4.css","styles-68ec54181b30a051b8df.js","styles-68ec54181b30a051b8df.js.map","1-7592809ab99a1a2fe936.js","1-7592809ab99a1a2fe936.js.map","3-796f28198d33043f1b6e.js","3-796f28198d33043f1b6e.js.map","2.9623542c4cad44916a5d.css","2-dcc6e39460172a0094ba.js","2-dcc6e39460172a0094ba.js.map","component---src-pages-photo-js.865af7ef2c665f38c01a.css","component---src-pages-photo-js-328971414167b4972b7e.js","component---src-pages-photo-js-328971414167b4972b7e.js.map"],"children":{},"childAssets":{}},"component---src-pages-romeandzion-js":{"chunks":[0,1,3,4,11],"assets":["styles.50735fea25cbce2a3eb4.css","styles-68ec54181b30a051b8df.js","styles-68ec54181b30a051b8df.js.map","1-7592809ab99a1a2fe936.js","1-7592809ab99a1a2fe936.js.map","3-796f28198d33043f1b6e.js","3-796f28198d33043f1b6e.js.map","4-9205d50b066c4faed55d.js","4-9205d50b066c4faed55d.js.map","component---src-pages-romeandzion-js.8f6027f815c4efe5cbe9.css","component---src-pages-romeandzion-js-4b18e542b106499a1da4.js","component---src-pages-romeandzion-js-4b18e542b106499a1da4.js.map"],"children":{},"childAssets":{}},"component---src-pages-video-js":{"chunks":[0,1,3,4,12],"assets":["styles.50735fea25cbce2a3eb4.css","styles-68ec54181b30a051b8df.js","styles-68ec54181b30a051b8df.js.map","1-7592809ab99a1a2fe936.js","1-7592809ab99a1a2fe936.js.map","3-796f28198d33043f1b6e.js","3-796f28198d33043f1b6e.js.map","4-9205d50b066c4faed55d.js","4-9205d50b066c4faed55d.js.map","component---src-pages-video-js.bc290399ee18625305bc.css","component---src-pages-video-js-88c64a302c933d905d13.js","component---src-pages-video-js-88c64a302c933d905d13.js.map"],"children":{},"childAssets":{}},"component---src-pages-weddings-js":{"chunks":[0,1,2,13],"assets":["styles.50735fea25cbce2a3eb4.css","styles-68ec54181b30a051b8df.js","styles-68ec54181b30a051b8df.js.map","1-7592809ab99a1a2fe936.js","1-7592809ab99a1a2fe936.js.map","2.9623542c4cad44916a5d.css","2-dcc6e39460172a0094ba.js","2-dcc6e39460172a0094ba.js.map","component---src-pages-weddings-js.032f640a4287f060a9a5.css","component---src-pages-weddings-js-3c23a421bed9c8034b57.js","component---src-pages-weddings-js-3c23a421bed9c8034b57.js.map"],"children":{},"childAssets":{}},"pages-manifest":{"chunks":[14],"assets":["pages-manifest-a8963e5c7834e60142b4.js","pages-manifest-a8963e5c7834e60142b4.js.map"],"children":{},"childAssets":{}}},"assetsByChunkName":{"app":["webpack-runtime-90392699b76e165fc0b7.js","app-7f5c11b945e2ab283480.js"],"component---node-modules-gatsby-plugin-offline-app-shell-js":["component---node-modules-gatsby-plugin-offline-app-shell-js-fd5550fa04a28745847d.js"],"component---src-pages-about-js":["styles.50735fea25cbce2a3eb4.css","styles-68ec54181b30a051b8df.js","1-7592809ab99a1a2fe936.js","2.9623542c4cad44916a5d.css","2-dcc6e39460172a0094ba.js","component---src-pages-about-js.fd1db8f052163e142bfb.css","component---src-pages-about-js-7db4b6626a84f48faeb8.js"],"component---src-pages-index-js":["styles.50735fea25cbce2a3eb4.css","styles-68ec54181b30a051b8df.js","1-7592809ab99a1a2fe936.js","3-796f28198d33043f1b6e.js","16-a0511cb6e990495ea5b5.js","component---src-pages-index-js.687fea626a651dfbb51f.css","component---src-pages-index-js-0f8310705c72618eebd0.js"],"component---src-pages-investment-js":["styles.50735fea25cbce2a3eb4.css","styles-68ec54181b30a051b8df.js","1-7592809ab99a1a2fe936.js","2.9623542c4cad44916a5d.css","2-dcc6e39460172a0094ba.js","component---src-pages-investment-js.dbb79a91ba67f3b1a9d2.css","component---src-pages-investment-js-036f69aba5d757147c25.js"],"component---src-pages-photo-js":["styles.50735fea25cbce2a3eb4.css","styles-68ec54181b30a051b8df.js","1-7592809ab99a1a2fe936.js","3-796f28198d33043f1b6e.js","2.9623542c4cad44916a5d.css","2-dcc6e39460172a0094ba.js","component---src-pages-photo-js.865af7ef2c665f38c01a.css","component---src-pages-photo-js-328971414167b4972b7e.js"],"component---src-pages-romeandzion-js":["styles.50735fea25cbce2a3eb4.css","styles-68ec54181b30a051b8df.js","1-7592809ab99a1a2fe936.js","3-796f28198d33043f1b6e.js","4-9205d50b066c4faed55d.js","component---src-pages-romeandzion-js.8f6027f815c4efe5cbe9.css","component---src-pages-romeandzion-js-4b18e542b106499a1da4.js"],"component---src-pages-video-js":["styles.50735fea25cbce2a3eb4.css","styles-68ec54181b30a051b8df.js","1-7592809ab99a1a2fe936.js","3-796f28198d33043f1b6e.js","4-9205d50b066c4faed55d.js","component---src-pages-video-js.bc290399ee18625305bc.css","component---src-pages-video-js-88c64a302c933d905d13.js"],"component---src-pages-weddings-js":["styles.50735fea25cbce2a3eb4.css","styles-68ec54181b30a051b8df.js","1-7592809ab99a1a2fe936.js","2.9623542c4cad44916a5d.css","2-dcc6e39460172a0094ba.js","component---src-pages-weddings-js.032f640a4287f060a9a5.css","component---src-pages-weddings-js-3c23a421bed9c8034b57.js"],"pages-manifest":["pages-manifest-a8963e5c7834e60142b4.js"]}}